application_id,candidate_id,role_id,status,applied_at,updated_at
10592,9839,1,test_completed,2025-11-19T09:57:00.082072,2025-11-19T09:57:00.082072
10593,9840,1,test_completed,2025-11-21T10:36:00.082072,2025-11-21T10:36:00.082072
10594,9841,1,test_completed,2025-10-08T11:28:00.082072,2025-10-08T11:28:00.082072
10595,9842,1,test_completed,2025-11-19T17:25:00.082072,2025-11-19T17:25:00.082072
10596,9843,1,test_completed,2025-10-08T10:24:00.082072,2025-10-08T10:24:00.082072
10597,9844,1,test_completed,2025-10-11T18:04:00.082072,2025-10-11T18:04:00.082072
10598,9845,1,test_completed,2025-11-16T14:20:00.082072,2025-11-16T14:20:00.082072
10599,9846,1,test_completed,2025-10-08T09:29:00.082072,2025-10-08T09:29:00.082072
10600,9847,1,test_completed,2025-10-04T11:03:00.082072,2025-10-04T11:03:00.082072
10601,9848,1,test_completed,2025-10-24T12:00:00.082072,2025-10-24T12:00:00.082072
10602,9849,1,test_completed,2025-10-15T12:06:00.082072,2025-10-15T12:06:00.082072
10603,9850,1,test_completed,2025-10-05T08:55:00.082072,2025-10-05T08:55:00.082072
10604,9851,1,not_eligible,2025-10-21T14:38:00.082072,2025-10-21T14:38:00.082072
10605,9852,1,not_eligible,2025-10-15T10:18:00.082072,2025-10-15T10:18:00.082072
10606,9853,1,test_completed,2025-10-12T14:30:00.082072,2025-10-12T14:30:00.082072
10607,9854,1,eligible,2025-11-22T15:45:00.082072,2025-11-22T15:45:00.082072
10608,9855,1,eligible,2025-10-09T11:08:00.082072,2025-10-09T11:08:00.082072
10609,9856,1,test_completed,2025-10-05T17:48:00.082072,2025-10-05T17:48:00.082072
10610,9857,1,test_completed,2025-10-10T09:37:00.082072,2025-10-10T09:37:00.082072
10611,9858,1,test_completed,2025-11-23T09:36:00.082072,2025-11-23T09:36:00.082072
10612,9859,1,eligible,2025-11-17T17:30:00.082072,2025-11-17T17:30:00.082072
10613,9860,1,test_completed,2025-10-04T08:30:00.082072,2025-10-04T08:30:00.082072
10614,9861,1,test_completed,2025-10-05T14:51:00.082072,2025-10-05T14:51:00.082072
10615,9862,1,test_completed,2025-10-17T09:57:00.082072,2025-10-17T09:57:00.082072
10616,9863,1,test_completed,2025-10-18T08:30:00.082072,2025-10-18T08:30:00.082072
10617,9864,1,not_eligible,2025-10-23T11:06:00.082072,2025-10-23T11:06:00.082072
10618,9865,1,test_completed,2025-10-07T13:28:00.082072,2025-10-07T13:28:00.082072
10619,9866,1,test_completed,2025-10-21T18:12:00.082072,2025-10-21T18:12:00.082072
10620,9867,1,eligible,2025-11-18T09:00:00.082072,2025-11-18T09:00:00.082072
10621,9868,1,test_completed,2025-10-11T14:55:00.082072,2025-10-11T14:55:00.082072
10622,9869,1,not_eligible,2025-10-09T18:41:00.082072,2025-10-09T18:41:00.082072
10623,9870,1,test_completed,2025-10-13T13:20:00.082072,2025-10-13T13:20:00.082072
10624,9871,1,not_eligible,2025-10-09T13:10:00.082072,2025-10-09T13:10:00.082072
10625,9872,1,not_eligible,2025-10-04T14:46:00.082072,2025-10-04T14:46:00.082072
10626,9873,1,test_completed,2025-11-21T14:38:00.082072,2025-11-21T14:38:00.082072
10627,9874,1,test_completed,2025-10-18T10:54:00.082072,2025-10-18T10:54:00.082072
10628,9875,1,test_completed,2025-10-14T11:59:00.082072,2025-10-14T11:59:00.082072
10629,9876,1,test_completed,2025-10-05T11:08:00.082072,2025-10-05T11:08:00.082072
10630,9877,1,test_completed,2025-10-06T10:39:00.082072,2025-10-06T10:39:00.082072
10631,9878,1,test_completed,2025-10-05T17:32:00.082072,2025-10-05T17:32:00.082072
10632,9879,1,not_eligible,2025-11-21T16:30:00.082072,2025-11-21T16:30:00.082072
10633,9880,1,not_eligible,2025-10-05T15:42:00.082072,2025-10-05T15:42:00.082072
10634,9881,1,test_completed,2025-10-07T16:35:00.082072,2025-10-07T16:35:00.082072
10635,9882,1,test_completed,2025-11-21T16:53:00.082072,2025-11-21T16:53:00.082072
10636,9883,1,test_completed,2025-11-22T10:50:00.082072,2025-11-22T10:50:00.082072
10637,9884,1,not_eligible,2025-10-09T18:07:00.082072,2025-10-09T18:07:00.082072
10638,9885,1,test_completed,2025-11-19T15:52:00.082072,2025-11-19T15:52:00.082072
10639,9886,1,test_completed,2025-11-23T13:04:00.082072,2025-11-23T13:04:00.082072
10640,9887,1,test_completed,2025-10-24T17:17:00.082072,2025-10-24T17:17:00.082072
10641,9888,1,test_completed,2025-10-06T08:04:00.082072,2025-10-06T08:04:00.082072
10642,9889,1,eligible,2025-11-17T17:28:00.082072,2025-11-17T17:28:00.082072
10643,9890,1,not_eligible,2025-10-24T17:46:00.082072,2025-10-24T17:46:00.082072
10644,9891,1,test_completed,2025-10-06T14:37:00.082072,2025-10-06T14:37:00.082072
10645,9892,1,test_completed,2025-11-21T11:26:00.082072,2025-11-21T11:26:00.082072
10646,9893,1,not_eligible,2025-10-09T14:47:00.082072,2025-10-09T14:47:00.082072
10647,9894,1,test_completed,2025-10-15T10:17:00.082072,2025-10-15T10:17:00.082072
10648,9895,1,eligible,2025-10-09T16:12:00.082072,2025-10-09T16:12:00.082072
10649,9896,1,test_completed,2025-10-08T12:21:00.082072,2025-10-08T12:21:00.082072
10650,9897,1,test_completed,2025-11-17T13:19:00.082072,2025-11-17T13:19:00.082072
10651,9898,1,test_completed,2025-10-07T10:15:00.082072,2025-10-07T10:15:00.082072
10652,9899,1,test_completed,2025-11-17T13:54:00.082072,2025-11-17T13:54:00.082072
10653,9900,1,test_completed,2025-11-16T16:23:00.082072,2025-11-16T16:23:00.082072
10654,9901,1,test_completed,2025-10-09T09:32:00.082072,2025-10-09T09:32:00.082072
10655,9902,1,test_completed,2025-10-19T10:39:00.082072,2025-10-19T10:39:00.082072
10656,9903,1,test_completed,2025-10-08T10:33:00.082072,2025-10-08T10:33:00.082072
10657,9904,2,test_completed,2025-10-30T11:59:00.082113,2025-10-30T11:59:00.082113
10658,9905,2,test_completed,2025-10-27T17:00:00.082113,2025-10-27T17:00:00.082113
10659,9906,2,test_completed,2025-10-23T18:52:00.082113,2025-10-23T18:52:00.082113
10660,9907,2,not_eligible,2025-11-01T12:02:00.082113,2025-11-01T12:02:00.082113
10661,9908,2,test_completed,2025-11-04T12:32:00.082113,2025-11-04T12:32:00.082113
10662,9909,2,test_completed,2025-10-29T10:29:00.082113,2025-10-29T10:29:00.082113
10663,9910,2,test_completed,2025-11-23T12:16:00.082113,2025-11-23T12:16:00.082113
10664,9911,2,test_completed,2025-10-23T18:56:00.082113,2025-10-23T18:56:00.082113
10665,9912,2,test_completed,2025-11-21T10:09:00.082113,2025-11-21T10:09:00.082113
10666,9913,2,eligible,2025-11-02T11:48:00.082113,2025-11-02T11:48:00.082113
10667,9914,2,test_completed,2025-11-22T11:56:00.082113,2025-11-22T11:56:00.082113
10668,9915,2,test_completed,2025-11-21T09:50:00.082113,2025-11-21T09:50:00.082113
10669,9916,2,test_completed,2025-10-23T08:53:00.082113,2025-10-23T08:53:00.082113
10670,9917,2,test_completed,2025-10-27T17:43:00.082113,2025-10-27T17:43:00.082113
10671,9918,2,test_completed,2025-10-21T16:24:00.082113,2025-10-21T16:24:00.082113
10672,9919,2,test_completed,2025-11-23T11:36:00.082113,2025-11-23T11:36:00.082113
10673,9920,2,test_completed,2025-11-07T09:41:00.082113,2025-11-07T09:41:00.082113
10674,9921,2,test_completed,2025-10-26T18:44:00.082113,2025-10-26T18:44:00.082113
10675,9922,2,test_completed,2025-10-21T11:17:00.082113,2025-10-21T11:17:00.082113
10676,9923,2,eligible,2025-10-26T15:00:00.082113,2025-10-26T15:00:00.082113
10677,9924,2,test_completed,2025-10-25T12:42:00.082113,2025-10-25T12:42:00.082113
10678,9925,2,test_completed,2025-10-23T18:43:00.082113,2025-10-23T18:43:00.082113
10679,9926,2,test_completed,2025-11-19T16:19:00.082113,2025-11-19T16:19:00.082113
10680,9927,2,not_eligible,2025-10-25T11:39:00.082113,2025-10-25T11:39:00.082113
10681,9928,2,test_completed,2025-11-17T11:19:00.082113,2025-11-17T11:19:00.082113
10682,9929,2,test_completed,2025-10-21T15:50:00.082113,2025-10-21T15:50:00.082113
10683,9930,2,test_completed,2025-10-21T17:12:00.082113,2025-10-21T17:12:00.082113
10684,9931,2,test_completed,2025-11-22T08:17:00.082113,2025-11-22T08:17:00.082113
10685,9932,2,test_completed,2025-10-21T18:12:00.082113,2025-10-21T18:12:00.082113
10686,9933,2,test_completed,2025-10-26T18:49:00.082113,2025-10-26T18:49:00.082113
10687,9934,2,test_completed,2025-11-01T12:56:00.082113,2025-11-01T12:56:00.082113
10688,9935,2,eligible,2025-11-08T18:09:00.082113,2025-11-08T18:09:00.082113
10689,9936,2,test_completed,2025-10-21T18:39:00.082113,2025-10-21T18:39:00.082113
10690,9937,2,test_completed,2025-10-21T10:45:00.082113,2025-10-21T10:45:00.082113
10691,9938,2,test_completed,2025-10-27T11:34:00.082113,2025-10-27T11:34:00.082113
10692,9939,2,test_completed,2025-10-22T17:34:00.082113,2025-10-22T17:34:00.082113
10693,9940,2,test_completed,2025-11-19T08:15:00.082113,2025-11-19T08:15:00.082113
10694,9941,2,test_completed,2025-10-27T09:03:00.082113,2025-10-27T09:03:00.082113
10695,9942,2,test_completed,2025-10-21T11:17:00.082113,2025-10-21T11:17:00.082113
10696,9943,2,eligible,2025-10-29T12:00:00.082113,2025-10-29T12:00:00.082113
10697,9944,2,test_completed,2025-11-05T13:46:00.082113,2025-11-05T13:46:00.082113
10698,9945,2,test_completed,2025-11-20T18:06:00.082113,2025-11-20T18:06:00.082113
10699,9946,2,test_completed,2025-11-21T12:43:00.082113,2025-11-21T12:43:00.082113
10700,9947,2,test_completed,2025-10-22T10:19:00.082113,2025-10-22T10:19:00.082113
10701,9948,2,eligible,2025-10-26T13:55:00.082113,2025-10-26T13:55:00.082113
10702,9949,2,test_completed,2025-11-20T08:59:00.082113,2025-11-20T08:59:00.082113
10703,9950,2,test_completed,2025-10-22T15:09:00.082113,2025-10-22T15:09:00.082113
10704,9951,2,eligible,2025-11-05T10:24:00.082113,2025-11-05T10:24:00.082113
10705,9952,2,test_completed,2025-11-01T15:10:00.082113,2025-11-01T15:10:00.082113
10706,9953,2,test_completed,2025-11-08T14:06:00.082113,2025-11-08T14:06:00.082113
10707,9954,2,test_completed,2025-10-27T08:38:00.082113,2025-10-27T08:38:00.082113
10708,9955,2,test_completed,2025-10-28T10:42:00.082113,2025-10-28T10:42:00.082113
10709,9956,2,test_completed,2025-10-21T17:32:00.082113,2025-10-21T17:32:00.082113
10710,9957,2,test_completed,2025-10-26T14:40:00.082113,2025-10-26T14:40:00.082113
10711,9958,2,test_completed,2025-10-25T11:55:00.082113,2025-10-25T11:55:00.082113
10712,9959,2,test_completed,2025-10-23T09:41:00.082113,2025-10-23T09:41:00.082113
10713,9960,2,test_completed,2025-11-03T09:53:00.082113,2025-11-03T09:53:00.082113
10714,9961,2,test_completed,2025-11-16T13:16:00.082113,2025-11-16T13:16:00.082113
10715,9962,2,test_completed,2025-10-26T11:40:00.082113,2025-10-26T11:40:00.082113
10716,9963,2,test_completed,2025-11-17T17:57:00.082113,2025-11-17T17:57:00.082113
10717,9964,3,test_completed,2025-10-15T14:03:00.082126,2025-10-15T14:03:00.082126
10718,9965,3,test_completed,2025-10-28T14:57:00.082126,2025-10-28T14:57:00.082126
10719,9966,3,test_completed,2025-11-19T09:41:00.082126,2025-11-19T09:41:00.082126
10720,9967,3,eligible,2025-10-10T10:29:00.082126,2025-10-10T10:29:00.082126
10721,9968,3,test_completed,2025-11-21T14:59:00.082126,2025-11-21T14:59:00.082126
10722,9969,3,test_completed,2025-10-11T10:52:00.082126,2025-10-11T10:52:00.082126
10723,9970,3,test_completed,2025-10-20T08:25:00.082126,2025-10-20T08:25:00.082126
10724,9971,3,test_completed,2025-11-22T16:00:00.082126,2025-11-22T16:00:00.082126
10725,9972,3,test_completed,2025-10-11T11:51:00.082126,2025-10-11T11:51:00.082126
10726,9973,3,test_completed,2025-11-19T11:43:00.082126,2025-11-19T11:43:00.082126
10727,9974,3,test_completed,2025-10-16T17:17:00.082126,2025-10-16T17:17:00.082126
10728,9975,3,test_completed,2025-11-17T11:11:00.082126,2025-11-17T11:11:00.082126
10729,9976,3,eligible,2025-10-14T17:40:00.082126,2025-10-14T17:40:00.082126
10730,9977,3,test_completed,2025-11-17T13:12:00.082126,2025-11-17T13:12:00.082126
10731,9978,3,test_completed,2025-11-17T18:46:00.082126,2025-11-17T18:46:00.082126
10732,9979,3,test_completed,2025-10-12T11:30:00.082126,2025-10-12T11:30:00.082126
10733,9980,3,eligible,2025-10-16T11:10:00.082126,2025-10-16T11:10:00.082126
10734,9981,3,test_completed,2025-10-13T09:37:00.082126,2025-10-13T09:37:00.082126
10735,9982,3,not_eligible,2025-11-19T12:50:00.082126,2025-11-19T12:50:00.082126
10736,9983,3,test_completed,2025-10-19T13:41:00.082126,2025-10-19T13:41:00.082126
10737,9984,3,test_completed,2025-11-18T09:49:00.082126,2025-11-18T09:49:00.082126
10738,9985,3,test_completed,2025-11-19T16:31:00.082126,2025-11-19T16:31:00.082126
10739,9986,3,test_completed,2025-10-12T12:12:00.082126,2025-10-12T12:12:00.082126
10740,9987,3,eligible,2025-10-10T14:47:00.082126,2025-10-10T14:47:00.082126
10741,9988,3,test_completed,2025-10-29T15:11:00.082126,2025-10-29T15:11:00.082126
10742,9989,3,test_completed,2025-10-25T10:03:00.082126,2025-10-25T10:03:00.082126
10743,9990,3,test_completed,2025-11-17T15:37:00.082126,2025-11-17T15:37:00.082126
10744,9991,3,test_completed,2025-10-13T12:58:00.082126,2025-10-13T12:58:00.082126
10745,9992,3,eligible,2025-10-17T17:05:00.082126,2025-10-17T17:05:00.082126
10746,9993,3,test_completed,2025-11-18T16:56:00.082126,2025-11-18T16:56:00.082126
10747,9994,3,test_completed,2025-10-27T15:58:00.082126,2025-10-27T15:58:00.082126
10748,9995,3,test_completed,2025-10-13T18:37:00.082126,2025-10-13T18:37:00.082126
10749,9996,3,eligible,2025-10-25T18:22:00.082126,2025-10-25T18:22:00.082126
10750,9997,3,eligible,2025-10-18T08:03:00.082126,2025-10-18T08:03:00.082126
10751,9998,3,test_completed,2025-10-24T17:43:00.082126,2025-10-24T17:43:00.082126
10752,9999,3,test_completed,2025-10-12T17:31:00.082126,2025-10-12T17:31:00.082126
10753,10000,3,eligible,2025-10-14T10:46:00.082126,2025-10-14T10:46:00.082126
10754,10001,3,test_completed,2025-10-13T14:44:00.082126,2025-10-13T14:44:00.082126
10755,10002,3,test_completed,2025-10-20T10:39:00.082126,2025-10-20T10:39:00.082126
10756,10003,3,test_completed,2025-10-15T08:30:00.082126,2025-10-15T08:30:00.082126
10757,10004,3,test_completed,2025-11-19T13:22:00.082126,2025-11-19T13:22:00.082126
10758,10005,3,test_completed,2025-10-28T16:47:00.082126,2025-10-28T16:47:00.082126
10759,10006,3,not_eligible,2025-10-25T10:19:00.082126,2025-10-25T10:19:00.082126
10760,10007,3,test_completed,2025-10-19T09:24:00.082126,2025-10-19T09:24:00.082126
10761,10008,3,test_completed,2025-10-11T15:01:00.082126,2025-10-11T15:01:00.082126
10762,10009,3,test_completed,2025-10-12T09:00:00.082126,2025-10-12T09:00:00.082126
10763,10010,3,test_completed,2025-11-18T08:18:00.082126,2025-11-18T08:18:00.082126
10764,10011,3,eligible,2025-10-14T17:46:00.082126,2025-10-14T17:46:00.082126
10765,10012,3,eligible,2025-11-18T10:58:00.082126,2025-11-18T10:58:00.082126
10766,10013,3,test_completed,2025-10-20T10:10:00.082126,2025-10-20T10:10:00.082126
10767,10014,3,test_completed,2025-10-10T11:03:00.082126,2025-10-10T11:03:00.082126
10768,10015,3,eligible,2025-10-20T15:11:00.082126,2025-10-20T15:11:00.082126
10769,10016,3,test_completed,2025-11-20T18:43:00.082126,2025-11-20T18:43:00.082126
10770,10017,3,test_completed,2025-11-23T11:04:00.082126,2025-11-23T11:04:00.082126
10771,10018,3,eligible,2025-10-10T10:51:00.082126,2025-10-10T10:51:00.082126
10772,10019,3,test_completed,2025-10-13T16:44:00.082126,2025-10-13T16:44:00.082126
10773,10020,3,test_completed,2025-10-12T15:41:00.082126,2025-10-12T15:41:00.082126
10774,10021,3,test_completed,2025-10-15T12:24:00.082126,2025-10-15T12:24:00.082126
10775,10022,3,test_completed,2025-10-13T12:04:00.082126,2025-10-13T12:04:00.082126
10776,10023,3,test_completed,2025-10-12T12:41:00.082126,2025-10-12T12:41:00.082126
10777,10024,3,not_eligible,2025-10-14T09:54:00.082126,2025-10-14T09:54:00.082126
10778,10025,3,test_completed,2025-11-16T14:01:00.082126,2025-11-16T14:01:00.082126
10779,10026,3,eligible,2025-10-27T08:01:00.082126,2025-10-27T08:01:00.082126
10780,10027,3,test_completed,2025-10-15T09:53:00.082126,2025-10-15T09:53:00.082126
10781,10028,3,test_completed,2025-10-29T14:49:00.082126,2025-10-29T14:49:00.082126
10782,10029,4,test_completed,2025-10-31T16:25:00.082132,2025-10-31T16:25:00.082132
10783,10030,4,eligible,2025-10-26T09:22:00.082132,2025-10-26T09:22:00.082132
10784,10031,4,test_completed,2025-10-29T13:16:00.082132,2025-10-29T13:16:00.082132
10785,10032,4,test_completed,2025-10-25T17:29:00.082132,2025-10-25T17:29:00.082132
10786,10033,4,test_completed,2025-10-24T12:03:00.082132,2025-10-24T12:03:00.082132
10787,10034,4,test_completed,2025-11-02T11:13:00.082132,2025-11-02T11:13:00.082132
10788,10035,4,eligible,2025-11-17T10:54:00.082132,2025-11-17T10:54:00.082132
10789,10036,4,test_completed,2025-11-18T14:11:00.082132,2025-11-18T14:11:00.082132
10790,10037,4,test_completed,2025-10-28T11:45:00.082132,2025-10-28T11:45:00.082132
10791,10038,4,test_completed,2025-10-28T16:09:00.082132,2025-10-28T16:09:00.082132
10792,10039,4,test_completed,2025-10-24T13:44:00.082132,2025-10-24T13:44:00.082132
10793,10040,4,test_completed,2025-10-27T11:22:00.082132,2025-10-27T11:22:00.082132
10794,10041,4,test_completed,2025-11-03T08:58:00.082132,2025-11-03T08:58:00.082132
10795,10042,4,test_completed,2025-11-18T13:01:00.082132,2025-11-18T13:01:00.082132
10796,10043,4,test_completed,2025-11-07T14:02:00.082132,2025-11-07T14:02:00.082132
10797,10044,4,eligible,2025-10-26T09:16:00.082132,2025-10-26T09:16:00.082132
10798,10045,4,eligible,2025-10-29T17:47:00.082132,2025-10-29T17:47:00.082132
10799,10046,4,test_completed,2025-11-08T14:05:00.082132,2025-11-08T14:05:00.082132
10800,10047,4,test_completed,2025-11-04T08:31:00.082132,2025-11-04T08:31:00.082132
10801,10048,4,test_completed,2025-10-28T13:44:00.082132,2025-10-28T13:44:00.082132
10802,10049,4,test_completed,2025-11-01T12:11:00.082132,2025-11-01T12:11:00.082132
10803,10050,4,eligible,2025-11-17T14:37:00.082132,2025-11-17T14:37:00.082132
10804,10051,4,eligible,2025-11-06T18:30:00.082132,2025-11-06T18:30:00.082132
10805,10052,4,eligible,2025-11-07T14:27:00.082132,2025-11-07T14:27:00.082132
10806,10053,4,test_completed,2025-11-22T17:03:00.082132,2025-11-22T17:03:00.082132
10807,10054,4,not_eligible,2025-11-17T17:23:00.082132,2025-11-17T17:23:00.082132
10808,10055,4,test_completed,2025-10-26T14:39:00.082132,2025-10-26T14:39:00.082132
10809,10056,4,test_completed,2025-11-19T15:53:00.082132,2025-11-19T15:53:00.082132
10810,10057,4,test_completed,2025-11-21T09:41:00.082132,2025-11-21T09:41:00.082132
10811,10058,4,test_completed,2025-10-26T17:30:00.082132,2025-10-26T17:30:00.082132
10812,10059,4,test_completed,2025-11-16T13:15:00.082132,2025-11-16T13:15:00.082132
10813,10060,4,test_completed,2025-11-02T08:27:00.082132,2025-11-02T08:27:00.082132
10814,10061,4,test_completed,2025-10-29T08:45:00.082132,2025-10-29T08:45:00.082132
10815,10062,4,test_completed,2025-11-22T12:15:00.082132,2025-11-22T12:15:00.082132
10816,10063,4,test_completed,2025-10-25T16:04:00.082132,2025-10-25T16:04:00.082132
10817,10064,4,test_completed,2025-10-23T18:09:00.082132,2025-10-23T18:09:00.082132
10818,10065,4,test_completed,2025-10-29T18:34:00.082132,2025-10-29T18:34:00.082132
10819,10066,4,test_completed,2025-11-05T09:14:00.082132,2025-11-05T09:14:00.082132
10820,10067,4,test_completed,2025-10-30T16:21:00.082132,2025-10-30T16:21:00.082132
10821,10068,4,test_completed,2025-11-04T12:10:00.082132,2025-11-04T12:10:00.082132
10822,10069,4,test_completed,2025-11-23T14:36:00.082132,2025-11-23T14:36:00.082132
10823,10070,4,test_completed,2025-11-23T16:50:00.082132,2025-11-23T16:50:00.082132
10824,10071,4,test_completed,2025-11-20T10:25:00.082132,2025-11-20T10:25:00.082132
10825,10072,4,eligible,2025-10-28T11:16:00.082132,2025-10-28T11:16:00.082132
10826,10073,4,test_completed,2025-11-16T13:16:00.082132,2025-11-16T13:16:00.082132
10827,10074,4,eligible,2025-11-11T11:09:00.082132,2025-11-11T11:09:00.082132
10828,10075,4,test_completed,2025-11-04T14:45:00.082132,2025-11-04T14:45:00.082132
10829,10076,4,not_eligible,2025-10-31T15:10:00.082132,2025-10-31T15:10:00.082132
10830,10077,4,test_completed,2025-11-21T18:48:00.082132,2025-11-21T18:48:00.082132
10831,10078,4,test_completed,2025-10-24T16:33:00.082132,2025-10-24T16:33:00.082132
10832,10079,5,test_completed,2025-11-20T12:29:00.082138,2025-11-20T12:29:00.082138
10833,10080,5,test_completed,2025-11-10T08:22:00.082138,2025-11-10T08:22:00.082138
10834,10081,5,test_completed,2025-10-29T12:30:00.082138,2025-10-29T12:30:00.082138
10835,10082,5,test_completed,2025-10-31T09:43:00.082138,2025-10-31T09:43:00.082138
10836,10083,5,eligible,2025-10-29T08:05:00.082138,2025-10-29T08:05:00.082138
10837,10084,5,test_completed,2025-11-04T16:28:00.082138,2025-11-04T16:28:00.082138
10838,10085,5,test_completed,2025-11-17T10:34:00.082138,2025-11-17T10:34:00.082138
10839,10086,5,test_completed,2025-10-29T11:35:00.082138,2025-10-29T11:35:00.082138
10840,10087,5,test_completed,2025-10-25T18:34:00.082138,2025-10-25T18:34:00.082138
10841,10088,5,test_completed,2025-11-02T18:54:00.082138,2025-11-02T18:54:00.082138
10842,10089,5,test_completed,2025-11-12T10:22:00.082138,2025-11-12T10:22:00.082138
10843,10090,5,test_completed,2025-11-17T09:08:00.082138,2025-11-17T09:08:00.082138
10844,10091,5,test_completed,2025-10-28T08:14:00.082138,2025-10-28T08:14:00.082138
10845,10092,5,test_completed,2025-11-13T09:38:00.082138,2025-11-13T09:38:00.082138
10846,10093,5,eligible,2025-11-04T10:16:00.082138,2025-11-04T10:16:00.082138
10847,10094,5,test_completed,2025-10-26T15:19:00.082138,2025-10-26T15:19:00.082138
10848,10095,5,test_completed,2025-11-17T13:27:00.082138,2025-11-17T13:27:00.082138
10849,10096,5,test_completed,2025-10-28T11:48:00.082138,2025-10-28T11:48:00.082138
10850,10097,5,test_completed,2025-10-30T16:29:00.082138,2025-10-30T16:29:00.082138
10851,10098,5,not_eligible,2025-11-11T15:26:00.082138,2025-11-11T15:26:00.082138
10852,10099,5,test_completed,2025-11-08T18:53:00.082138,2025-11-08T18:53:00.082138
10853,10100,5,test_completed,2025-10-26T08:51:00.082138,2025-10-26T08:51:00.082138
10854,10101,5,test_completed,2025-11-21T12:55:00.082138,2025-11-21T12:55:00.082138
10855,10102,5,test_completed,2025-11-19T12:20:00.082138,2025-11-19T12:20:00.082138
10856,10103,5,test_completed,2025-11-09T16:27:00.082138,2025-11-09T16:27:00.082138
10857,10104,5,test_completed,2025-10-28T08:50:00.082138,2025-10-28T08:50:00.082138
10858,10105,5,test_completed,2025-11-07T16:06:00.082138,2025-11-07T16:06:00.082138
10859,10106,5,test_completed,2025-11-11T18:11:00.082138,2025-11-11T18:11:00.082138
10860,10107,5,test_completed,2025-11-12T10:40:00.082138,2025-11-12T10:40:00.082138
10861,10108,5,test_completed,2025-11-05T18:45:00.082138,2025-11-05T18:45:00.082138
10862,10109,5,not_eligible,2025-11-05T13:51:00.082138,2025-11-05T13:51:00.082138
10863,10110,5,test_completed,2025-11-20T10:42:00.082138,2025-11-20T10:42:00.082138
10864,10111,5,test_completed,2025-10-30T12:37:00.082138,2025-10-30T12:37:00.082138
10865,10112,5,test_completed,2025-11-01T15:18:00.082138,2025-11-01T15:18:00.082138
10866,10113,5,test_completed,2025-10-28T16:46:00.082138,2025-10-28T16:46:00.082138
10867,10114,5,test_completed,2025-11-18T16:22:00.082138,2025-11-18T16:22:00.082138
10868,10115,5,test_completed,2025-11-22T11:13:00.082138,2025-11-22T11:13:00.082138
10869,10116,5,test_completed,2025-11-17T16:55:00.082138,2025-11-17T16:55:00.082138
10870,10117,5,test_completed,2025-11-09T18:17:00.082138,2025-11-09T18:17:00.082138
10871,10118,5,test_completed,2025-11-03T13:46:00.082138,2025-11-03T13:46:00.082138
10872,10119,6,test_completed,2025-10-11T14:53:00.082144,2025-10-11T14:53:00.082144
10873,10120,6,test_completed,2025-10-04T14:03:00.082144,2025-10-04T14:03:00.082144
10874,10121,6,test_completed,2025-10-11T18:54:00.082144,2025-10-11T18:54:00.082144
10875,10122,6,test_completed,2025-10-07T11:55:00.082144,2025-10-07T11:55:00.082144
10876,10123,6,test_completed,2025-10-14T08:28:00.082144,2025-10-14T08:28:00.082144
10877,10124,6,test_completed,2025-09-29T10:52:00.082144,2025-09-29T10:52:00.082144
10878,10125,6,test_completed,2025-09-26T15:32:00.082144,2025-09-26T15:32:00.082144
10879,10126,6,test_completed,2025-09-27T09:13:00.082144,2025-09-27T09:13:00.082144
10880,10127,6,test_completed,2025-10-04T13:07:00.082144,2025-10-04T13:07:00.082144
10881,10128,6,test_completed,2025-11-19T13:36:00.082144,2025-11-19T13:36:00.082144
10882,10129,6,test_completed,2025-11-16T09:56:00.082144,2025-11-16T09:56:00.082144
10883,10130,6,not_eligible,2025-09-25T14:44:00.082144,2025-09-25T14:44:00.082144
10884,10131,6,test_completed,2025-11-17T18:11:00.082144,2025-11-17T18:11:00.082144
10885,10132,6,eligible,2025-09-29T15:11:00.082144,2025-09-29T15:11:00.082144
10886,10133,6,test_completed,2025-10-01T08:36:00.082144,2025-10-01T08:36:00.082144
10887,10134,6,test_completed,2025-09-27T18:27:00.082144,2025-09-27T18:27:00.082144
10888,10135,6,test_completed,2025-10-08T14:51:00.082144,2025-10-08T14:51:00.082144
10889,10136,6,test_completed,2025-10-15T12:52:00.082144,2025-10-15T12:52:00.082144
10890,10137,6,test_completed,2025-09-30T17:01:00.082144,2025-09-30T17:01:00.082144
10891,10138,6,test_completed,2025-10-08T18:53:00.082144,2025-10-08T18:53:00.082144
10892,10139,6,test_completed,2025-10-12T13:49:00.082144,2025-10-12T13:49:00.082144
10893,10140,6,test_completed,2025-09-29T08:10:00.082144,2025-09-29T08:10:00.082144
10894,10141,6,test_completed,2025-10-12T16:17:00.082144,2025-10-12T16:17:00.082144
10895,10142,6,test_completed,2025-09-26T17:15:00.082144,2025-09-26T17:15:00.082144
10896,10143,6,test_completed,2025-11-16T14:24:00.082144,2025-11-16T14:24:00.082144
10897,10144,6,eligible,2025-10-08T10:04:00.082144,2025-10-08T10:04:00.082144
10898,10145,6,not_eligible,2025-10-12T13:28:00.082144,2025-10-12T13:28:00.082144
10899,10146,6,test_completed,2025-10-13T18:34:00.082144,2025-10-13T18:34:00.082144
10900,10147,6,test_completed,2025-10-09T15:14:00.082144,2025-10-09T15:14:00.082144
10901,10148,6,test_completed,2025-10-15T12:32:00.082144,2025-10-15T12:32:00.082144
10902,10149,6,test_completed,2025-10-10T18:29:00.082144,2025-10-10T18:29:00.082144
10903,10150,6,eligible,2025-11-21T16:29:00.082144,2025-11-21T16:29:00.082144
10904,10151,6,eligible,2025-11-17T08:54:00.082144,2025-11-17T08:54:00.082144
10905,10152,6,test_completed,2025-09-25T10:28:00.082144,2025-09-25T10:28:00.082144
10906,10153,6,test_completed,2025-09-29T14:56:00.082144,2025-09-29T14:56:00.082144
10907,10154,6,test_completed,2025-11-21T15:55:00.082144,2025-11-21T15:55:00.082144
10908,10155,6,test_completed,2025-11-17T18:16:00.082144,2025-11-17T18:16:00.082144
10909,10156,6,test_completed,2025-11-22T14:43:00.082144,2025-11-22T14:43:00.082144
10910,10157,6,eligible,2025-11-17T15:53:00.082144,2025-11-17T15:53:00.082144
10911,10158,6,test_completed,2025-10-01T10:33:00.082144,2025-10-01T10:33:00.082144
10912,10159,6,not_eligible,2025-11-20T17:35:00.082144,2025-11-20T17:35:00.082144
10913,10160,6,test_completed,2025-11-18T18:50:00.082144,2025-11-18T18:50:00.082144
10914,10161,6,test_completed,2025-11-19T09:54:00.082144,2025-11-19T09:54:00.082144
10915,10162,6,test_completed,2025-10-01T12:10:00.082144,2025-10-01T12:10:00.082144
10916,10163,6,eligible,2025-11-23T10:07:00.082144,2025-11-23T10:07:00.082144
10917,10164,6,test_completed,2025-10-02T18:33:00.082144,2025-10-02T18:33:00.082144
10918,10165,6,test_completed,2025-09-25T14:34:00.082144,2025-09-25T14:34:00.082144
10919,10166,6,eligible,2025-11-20T14:39:00.082144,2025-11-20T14:39:00.082144
10920,10167,6,test_completed,2025-09-28T17:44:00.082144,2025-09-28T17:44:00.082144
10921,10168,6,test_completed,2025-09-29T14:54:00.082144,2025-09-29T14:54:00.082144
10922,10169,6,test_completed,2025-10-09T09:37:00.082144,2025-10-09T09:37:00.082144
10923,10170,6,test_completed,2025-09-26T11:31:00.082144,2025-09-26T11:31:00.082144
10924,10171,6,test_completed,2025-10-01T16:36:00.082144,2025-10-01T16:36:00.082144
10925,10172,6,not_eligible,2025-11-17T16:40:00.082144,2025-11-17T16:40:00.082144
10926,10173,6,eligible,2025-11-23T15:45:00.082144,2025-11-23T15:45:00.082144
10927,10174,6,test_completed,2025-10-03T09:04:00.082144,2025-10-03T09:04:00.082144
10928,10175,6,eligible,2025-09-27T15:49:00.082144,2025-09-27T15:49:00.082144
10929,10176,6,test_completed,2025-10-11T09:37:00.082144,2025-10-11T09:37:00.082144
10930,10177,6,eligible,2025-10-07T17:49:00.082144,2025-10-07T17:49:00.082144
10931,10178,6,test_completed,2025-10-10T08:28:00.082144,2025-10-10T08:28:00.082144
10932,10179,7,test_completed,2025-10-27T09:45:00.082149,2025-10-27T09:45:00.082149
10933,10180,7,eligible,2025-10-15T16:15:00.082149,2025-10-15T16:15:00.082149
10934,10181,7,not_eligible,2025-10-19T12:16:00.082149,2025-10-19T12:16:00.082149
10935,10182,7,eligible,2025-11-23T09:50:00.082149,2025-11-23T09:50:00.082149
10936,10183,7,test_completed,2025-11-03T11:52:00.082149,2025-11-03T11:52:00.082149
10937,10184,7,test_completed,2025-10-16T14:04:00.082149,2025-10-16T14:04:00.082149
10938,10185,7,not_eligible,2025-10-17T18:48:00.082149,2025-10-17T18:48:00.082149
10939,10186,7,test_completed,2025-10-30T18:58:00.082149,2025-10-30T18:58:00.082149
10940,10187,7,test_completed,2025-10-22T08:17:00.082149,2025-10-22T08:17:00.082149
10941,10188,7,test_completed,2025-10-20T12:36:00.082149,2025-10-20T12:36:00.082149
10942,10189,7,test_completed,2025-10-23T16:46:00.082149,2025-10-23T16:46:00.082149
10943,10190,7,eligible,2025-11-22T08:13:00.082149,2025-11-22T08:13:00.082149
10944,10191,7,test_completed,2025-11-23T16:58:00.082149,2025-11-23T16:58:00.082149
10945,10192,7,test_completed,2025-10-17T17:05:00.082149,2025-10-17T17:05:00.082149
10946,10193,7,eligible,2025-10-25T12:16:00.082149,2025-10-25T12:16:00.082149
10947,10194,7,test_completed,2025-10-17T16:10:00.082149,2025-10-17T16:10:00.082149
10948,10195,7,test_completed,2025-10-17T17:14:00.082149,2025-10-17T17:14:00.082149
10949,10196,7,eligible,2025-11-23T14:16:00.082149,2025-11-23T14:16:00.082149
10950,10197,7,test_completed,2025-11-23T18:31:00.082149,2025-11-23T18:31:00.082149
10951,10198,7,test_completed,2025-10-17T12:28:00.082149,2025-10-17T12:28:00.082149
10952,10199,7,eligible,2025-10-19T09:33:00.082149,2025-10-19T09:33:00.082149
10953,10200,7,test_completed,2025-11-02T15:59:00.082149,2025-11-02T15:59:00.082149
10954,10201,7,eligible,2025-10-16T10:38:00.082149,2025-10-16T10:38:00.082149
10955,10202,7,eligible,2025-10-15T18:41:00.082149,2025-10-15T18:41:00.082149
10956,10203,7,test_completed,2025-11-01T12:38:00.082149,2025-11-01T12:38:00.082149
10957,10204,7,test_completed,2025-10-26T18:05:00.082149,2025-10-26T18:05:00.082149
10958,10205,7,test_completed,2025-11-03T16:46:00.082149,2025-11-03T16:46:00.082149
10959,10206,7,test_completed,2025-10-27T15:14:00.082149,2025-10-27T15:14:00.082149
10960,10207,7,test_completed,2025-11-17T14:35:00.082149,2025-11-17T14:35:00.082149
10961,10208,7,test_completed,2025-10-17T08:02:00.082149,2025-10-17T08:02:00.082149
10962,10209,7,test_completed,2025-10-19T13:20:00.082149,2025-10-19T13:20:00.082149
10963,10210,7,test_completed,2025-10-18T08:27:00.082149,2025-10-18T08:27:00.082149
10964,10211,7,test_completed,2025-10-20T17:37:00.082149,2025-10-20T17:37:00.082149
10965,10212,7,test_completed,2025-11-19T16:06:00.082149,2025-11-19T16:06:00.082149
10966,10213,7,test_completed,2025-10-15T10:04:00.082149,2025-10-15T10:04:00.082149
10967,10214,8,test_completed,2025-11-07T18:22:00.082154,2025-11-07T18:22:00.082154
10968,10215,8,eligible,2025-11-06T13:25:00.082154,2025-11-06T13:25:00.082154
10969,10216,8,test_completed,2025-11-10T08:19:00.082154,2025-11-10T08:19:00.082154
10970,10217,8,test_completed,2025-11-05T13:16:00.082154,2025-11-05T13:16:00.082154
10971,10218,8,test_completed,2025-11-05T13:15:00.082154,2025-11-05T13:15:00.082154
10972,10219,8,not_eligible,2025-11-19T11:57:00.082154,2025-11-19T11:57:00.082154
10973,10220,8,test_completed,2025-10-23T13:58:00.082154,2025-10-23T13:58:00.082154
10974,10221,8,test_completed,2025-11-16T18:15:00.082154,2025-11-16T18:15:00.082154
10975,10222,8,not_eligible,2025-10-27T16:05:00.082154,2025-10-27T16:05:00.082154
10976,10223,8,test_completed,2025-10-23T17:32:00.082154,2025-10-23T17:32:00.082154
10977,10224,8,test_completed,2025-11-19T16:05:00.082154,2025-11-19T16:05:00.082154
10978,10225,8,test_completed,2025-11-22T10:33:00.082154,2025-11-22T10:33:00.082154
10979,10226,8,test_completed,2025-10-27T17:36:00.082154,2025-10-27T17:36:00.082154
10980,10227,8,test_completed,2025-11-06T12:10:00.082154,2025-11-06T12:10:00.082154
10981,10228,8,test_completed,2025-11-20T08:09:00.082154,2025-11-20T08:09:00.082154
10982,10229,8,test_completed,2025-11-16T11:39:00.082154,2025-11-16T11:39:00.082154
10983,10230,8,test_completed,2025-11-08T14:39:00.082154,2025-11-08T14:39:00.082154
10984,10231,8,test_completed,2025-10-22T14:23:00.082154,2025-10-22T14:23:00.082154
10985,10232,8,test_completed,2025-11-01T09:29:00.082154,2025-11-01T09:29:00.082154
10986,10233,8,test_completed,2025-10-22T10:34:00.082154,2025-10-22T10:34:00.082154
10987,10234,8,not_eligible,2025-10-24T10:39:00.082154,2025-10-24T10:39:00.082154
10988,10235,8,test_completed,2025-10-27T13:53:00.082154,2025-10-27T13:53:00.082154
10989,10236,8,test_completed,2025-11-17T18:18:00.082154,2025-11-17T18:18:00.082154
10990,10237,8,eligible,2025-11-09T18:38:00.082154,2025-11-09T18:38:00.082154
10991,10238,8,test_completed,2025-11-09T15:14:00.082154,2025-11-09T15:14:00.082154
10992,10239,8,test_completed,2025-10-25T08:39:00.082154,2025-10-25T08:39:00.082154
10993,10240,8,not_eligible,2025-11-11T09:46:00.082154,2025-11-11T09:46:00.082154
10994,10241,8,test_completed,2025-10-30T11:58:00.082154,2025-10-30T11:58:00.082154
10995,10242,8,test_completed,2025-10-22T17:59:00.082154,2025-10-22T17:59:00.082154
10996,10243,8,test_completed,2025-11-17T18:56:00.082154,2025-11-17T18:56:00.082154
10997,10244,8,not_eligible,2025-10-29T16:33:00.082154,2025-10-29T16:33:00.082154
10998,10245,8,eligible,2025-11-23T18:11:00.082154,2025-11-23T18:11:00.082154
10999,10246,8,eligible,2025-10-25T09:21:00.082154,2025-10-25T09:21:00.082154
11000,10247,8,test_completed,2025-10-28T14:37:00.082154,2025-10-28T14:37:00.082154
11001,10248,8,eligible,2025-11-19T08:01:00.082154,2025-11-19T08:01:00.082154
11002,10249,9,test_completed,2025-11-17T15:55:00.082159,2025-11-17T15:55:00.082159
11003,10250,9,test_completed,2025-11-23T16:57:00.082159,2025-11-23T16:57:00.082159
11004,10251,9,test_completed,2025-10-10T12:30:00.082159,2025-10-10T12:30:00.082159
11005,10252,9,test_completed,2025-10-01T09:06:00.082159,2025-10-01T09:06:00.082159
11006,10253,9,test_completed,2025-10-03T14:06:00.082159,2025-10-03T14:06:00.082159
11007,10254,9,test_completed,2025-11-17T13:04:00.082159,2025-11-17T13:04:00.082159
11008,10255,9,test_completed,2025-11-17T15:55:00.082159,2025-11-17T15:55:00.082159
11009,10256,9,test_completed,2025-10-06T12:56:00.082159,2025-10-06T12:56:00.082159
11010,10257,9,test_completed,2025-11-20T09:02:00.082159,2025-11-20T09:02:00.082159
11011,10258,9,test_completed,2025-10-07T18:17:00.082159,2025-10-07T18:17:00.082159
11012,10259,9,test_completed,2025-10-04T10:12:00.082159,2025-10-04T10:12:00.082159
11013,10260,9,not_eligible,2025-10-14T16:03:00.082159,2025-10-14T16:03:00.082159
11014,10261,9,test_completed,2025-11-20T14:36:00.082159,2025-11-20T14:36:00.082159
11015,10262,9,test_completed,2025-10-05T10:43:00.082159,2025-10-05T10:43:00.082159
11016,10263,9,eligible,2025-10-05T15:54:00.082159,2025-10-05T15:54:00.082159
11017,10264,9,test_completed,2025-10-02T17:34:00.082159,2025-10-02T17:34:00.082159
11018,10265,9,test_completed,2025-10-05T12:55:00.082159,2025-10-05T12:55:00.082159
11019,10266,9,eligible,2025-10-09T16:58:00.082159,2025-10-09T16:58:00.082159
11020,10267,9,eligible,2025-11-23T08:01:00.082159,2025-11-23T08:01:00.082159
11021,10268,9,test_completed,2025-10-07T13:10:00.082159,2025-10-07T13:10:00.082159
11022,10269,9,test_completed,2025-11-21T14:26:00.082159,2025-11-21T14:26:00.082159
11023,10270,9,not_eligible,2025-10-05T10:36:00.082159,2025-10-05T10:36:00.082159
11024,10271,9,test_completed,2025-10-20T13:31:00.082159,2025-10-20T13:31:00.082159
11025,10272,9,test_completed,2025-10-15T17:54:00.082159,2025-10-15T17:54:00.082159
11026,10273,9,test_completed,2025-10-19T09:21:00.082159,2025-10-19T09:21:00.082159
11027,10274,9,test_completed,2025-10-16T16:11:00.082159,2025-10-16T16:11:00.082159
11028,10275,9,test_completed,2025-10-02T13:48:00.082159,2025-10-02T13:48:00.082159
11029,10276,9,test_completed,2025-10-07T08:49:00.082159,2025-10-07T08:49:00.082159
11030,10277,9,eligible,2025-10-05T08:55:00.082159,2025-10-05T08:55:00.082159
11031,10278,9,test_completed,2025-11-22T16:54:00.082159,2025-11-22T16:54:00.082159
11032,10279,10,test_completed,2025-10-10T15:51:00.082165,2025-10-10T15:51:00.082165
11033,10280,10,test_completed,2025-10-08T14:01:00.082165,2025-10-08T14:01:00.082165
11034,10281,10,test_completed,2025-10-22T15:26:00.082165,2025-10-22T15:26:00.082165
11035,10282,10,test_completed,2025-10-11T09:21:00.082165,2025-10-11T09:21:00.082165
11036,10283,10,test_completed,2025-10-11T17:26:00.082165,2025-10-11T17:26:00.082165
11037,10284,10,test_completed,2025-11-21T18:27:00.082165,2025-11-21T18:27:00.082165
11038,10285,10,test_completed,2025-10-26T17:54:00.082165,2025-10-26T17:54:00.082165
11039,10286,10,test_completed,2025-11-18T12:38:00.082165,2025-11-18T12:38:00.082165
11040,10287,10,not_eligible,2025-10-23T14:13:00.082165,2025-10-23T14:13:00.082165
11041,10288,10,eligible,2025-10-21T12:27:00.082165,2025-10-21T12:27:00.082165
11042,10289,10,test_completed,2025-10-20T14:36:00.082165,2025-10-20T14:36:00.082165
11043,10290,10,test_completed,2025-10-08T16:01:00.082165,2025-10-08T16:01:00.082165
11044,10291,10,test_completed,2025-10-26T18:12:00.082165,2025-10-26T18:12:00.082165
11045,10292,10,test_completed,2025-10-23T11:08:00.082165,2025-10-23T11:08:00.082165
11046,10293,10,eligible,2025-10-20T14:52:00.082165,2025-10-20T14:52:00.082165
11047,10294,10,test_completed,2025-10-12T12:47:00.082165,2025-10-12T12:47:00.082165
11048,10295,10,test_completed,2025-10-08T15:27:00.082165,2025-10-08T15:27:00.082165
11049,10296,10,test_completed,2025-10-14T15:06:00.082165,2025-10-14T15:06:00.082165
11050,10297,10,test_completed,2025-10-08T10:27:00.082165,2025-10-08T10:27:00.082165
11051,10298,10,test_completed,2025-11-18T18:09:00.082165,2025-11-18T18:09:00.082165
11052,10299,10,test_completed,2025-11-16T15:29:00.082165,2025-11-16T15:29:00.082165
11053,10300,10,test_completed,2025-10-12T14:10:00.082165,2025-10-12T14:10:00.082165
11054,10301,10,eligible,2025-10-07T15:01:00.082165,2025-10-07T15:01:00.082165
11055,10302,10,test_completed,2025-10-07T11:15:00.082165,2025-10-07T11:15:00.082165
11056,10303,10,test_completed,2025-11-21T17:17:00.082165,2025-11-21T17:17:00.082165
11057,10304,10,eligible,2025-10-13T15:40:00.082165,2025-10-13T15:40:00.082165
11058,10305,10,not_eligible,2025-10-13T13:07:00.082165,2025-10-13T13:07:00.082165
11059,10306,10,test_completed,2025-10-07T16:18:00.082165,2025-10-07T16:18:00.082165
11060,10307,10,test_completed,2025-10-13T14:23:00.082165,2025-10-13T14:23:00.082165
11061,10308,10,test_completed,2025-10-15T17:15:00.082165,2025-10-15T17:15:00.082165
11062,10309,10,eligible,2025-10-11T08:27:00.082165,2025-10-11T08:27:00.082165
11063,10310,10,test_completed,2025-10-12T17:09:00.082165,2025-10-12T17:09:00.082165
11064,10311,10,test_completed,2025-11-18T08:34:00.082165,2025-11-18T08:34:00.082165
11065,10312,10,test_completed,2025-10-11T12:07:00.082165,2025-10-11T12:07:00.082165
11066,10313,10,eligible,2025-10-08T12:30:00.082165,2025-10-08T12:30:00.082165
11067,10314,10,eligible,2025-10-08T12:34:00.082165,2025-10-08T12:34:00.082165
11068,10315,10,test_completed,2025-10-08T11:55:00.082165,2025-10-08T11:55:00.082165
11069,10316,10,test_completed,2025-10-27T13:04:00.082165,2025-10-27T13:04:00.082165
11070,10317,10,test_completed,2025-10-19T10:41:00.082165,2025-10-19T10:41:00.082165
11071,10318,10,test_completed,2025-10-11T18:36:00.082165,2025-10-11T18:36:00.082165
11072,10319,10,test_completed,2025-10-09T09:56:00.082165,2025-10-09T09:56:00.082165
11073,10320,10,test_completed,2025-10-24T09:54:00.082165,2025-10-24T09:54:00.082165
11074,10321,10,test_completed,2025-11-19T09:37:00.082165,2025-11-19T09:37:00.082165
11075,10322,10,test_completed,2025-10-19T11:58:00.082165,2025-10-19T11:58:00.082165
11076,10323,10,test_completed,2025-11-17T16:13:00.082165,2025-11-17T16:13:00.082165
11077,10324,10,test_completed,2025-11-21T13:25:00.082165,2025-11-21T13:25:00.082165
11078,10325,10,test_completed,2025-10-13T15:45:00.082165,2025-10-13T15:45:00.082165
11079,10326,10,eligible,2025-10-12T09:29:00.082165,2025-10-12T09:29:00.082165
11080,10327,10,eligible,2025-10-11T11:02:00.082165,2025-10-11T11:02:00.082165
11081,10328,10,eligible,2025-10-16T12:54:00.082165,2025-10-16T12:54:00.082165
11082,10329,11,test_completed,2025-11-23T17:14:00.082170,2025-11-23T17:14:00.082170
11083,10330,11,test_completed,2025-10-20T14:10:00.082170,2025-10-20T14:10:00.082170
11084,10331,11,test_completed,2025-11-20T18:22:00.082170,2025-11-20T18:22:00.082170
11085,10332,11,not_eligible,2025-11-16T18:16:00.082170,2025-11-16T18:16:00.082170
11086,10333,11,test_completed,2025-11-20T08:22:00.082170,2025-11-20T08:22:00.082170
11087,10334,11,eligible,2025-10-29T12:31:00.082170,2025-10-29T12:31:00.082170
11088,10335,11,test_completed,2025-11-18T16:59:00.082170,2025-11-18T16:59:00.082170
11089,10336,11,test_completed,2025-11-23T16:30:00.082170,2025-11-23T16:30:00.082170
11090,10337,11,eligible,2025-11-04T18:34:00.082170,2025-11-04T18:34:00.082170
11091,10338,11,eligible,2025-11-20T17:53:00.082170,2025-11-20T17:53:00.082170
11092,10339,11,test_completed,2025-11-05T15:02:00.082170,2025-11-05T15:02:00.082170
11093,10340,11,test_completed,2025-11-08T16:07:00.082170,2025-11-08T16:07:00.082170
11094,10341,11,not_eligible,2025-11-07T17:52:00.082170,2025-11-07T17:52:00.082170
11095,10342,11,not_eligible,2025-11-03T14:37:00.082170,2025-11-03T14:37:00.082170
11096,10343,11,not_eligible,2025-11-21T10:30:00.082170,2025-11-21T10:30:00.082170
11097,10344,11,test_completed,2025-10-20T13:52:00.082170,2025-10-20T13:52:00.082170
11098,10345,11,not_eligible,2025-11-19T16:50:00.082170,2025-11-19T16:50:00.082170
11099,10346,11,not_eligible,2025-11-23T08:59:00.082170,2025-11-23T08:59:00.082170
11100,10347,11,test_completed,2025-11-22T13:23:00.082170,2025-11-22T13:23:00.082170
11101,10348,11,test_completed,2025-10-23T12:18:00.082170,2025-10-23T12:18:00.082170
11102,10349,11,test_completed,2025-10-27T12:50:00.082170,2025-10-27T12:50:00.082170
11103,10350,11,test_completed,2025-11-03T11:16:00.082170,2025-11-03T11:16:00.082170
11104,10351,11,test_completed,2025-10-23T17:23:00.082170,2025-10-23T17:23:00.082170
11105,10352,11,test_completed,2025-10-20T17:27:00.082170,2025-10-20T17:27:00.082170
11106,10353,11,test_completed,2025-10-24T08:39:00.082170,2025-10-24T08:39:00.082170
11107,10354,11,eligible,2025-10-22T18:40:00.082170,2025-10-22T18:40:00.082170
11108,10355,11,eligible,2025-10-27T16:41:00.082170,2025-10-27T16:41:00.082170
11109,10356,11,test_completed,2025-11-02T16:59:00.082170,2025-11-02T16:59:00.082170
11110,10357,11,test_completed,2025-10-19T10:20:00.082170,2025-10-19T10:20:00.082170
11111,10358,11,test_completed,2025-11-23T16:22:00.082170,2025-11-23T16:22:00.082170
11112,10359,11,test_completed,2025-11-02T13:49:00.082170,2025-11-02T13:49:00.082170
11113,10360,11,test_completed,2025-10-21T16:43:00.082170,2025-10-21T16:43:00.082170
11114,10361,11,test_completed,2025-10-24T16:36:00.082170,2025-10-24T16:36:00.082170
11115,10362,11,eligible,2025-10-21T16:25:00.082170,2025-10-21T16:25:00.082170
11116,10363,11,eligible,2025-10-19T16:31:00.082170,2025-10-19T16:31:00.082170
11117,10364,11,test_completed,2025-10-19T16:13:00.082170,2025-10-19T16:13:00.082170
11118,10365,11,test_completed,2025-11-23T16:46:00.082170,2025-11-23T16:46:00.082170
11119,10366,11,eligible,2025-10-23T11:56:00.082170,2025-10-23T11:56:00.082170
11120,10367,11,test_completed,2025-11-22T12:04:00.082170,2025-11-22T12:04:00.082170
11121,10368,11,eligible,2025-10-20T15:19:00.082170,2025-10-20T15:19:00.082170
11122,10369,11,test_completed,2025-10-21T08:29:00.082170,2025-10-21T08:29:00.082170
11123,10370,11,eligible,2025-11-20T18:22:00.082170,2025-11-20T18:22:00.082170
11124,10371,11,test_completed,2025-10-19T12:12:00.082170,2025-10-19T12:12:00.082170
11125,10372,11,test_completed,2025-11-02T11:34:00.082170,2025-11-02T11:34:00.082170
11126,10373,11,test_completed,2025-11-05T18:05:00.082170,2025-11-05T18:05:00.082170
11127,10374,11,test_completed,2025-10-22T13:28:00.082170,2025-10-22T13:28:00.082170
11128,10375,11,test_completed,2025-10-20T13:42:00.082170,2025-10-20T13:42:00.082170
11129,10376,11,test_completed,2025-11-18T17:43:00.082170,2025-11-18T17:43:00.082170
11130,10377,11,eligible,2025-11-17T13:29:00.082170,2025-11-17T13:29:00.082170
11131,10378,11,test_completed,2025-10-23T15:09:00.082170,2025-10-23T15:09:00.082170
11132,10379,12,test_completed,2025-11-17T10:43:00.082176,2025-11-17T10:43:00.082176
11133,10380,12,test_completed,2025-10-24T12:29:00.082176,2025-10-24T12:29:00.082176
11134,10381,12,test_completed,2025-10-13T11:46:00.082176,2025-10-13T11:46:00.082176
11135,10382,12,test_completed,2025-11-17T10:43:00.082176,2025-11-17T10:43:00.082176
11136,10383,12,test_completed,2025-10-10T17:28:00.082176,2025-10-10T17:28:00.082176
11137,10384,12,test_completed,2025-11-18T15:14:00.082176,2025-11-18T15:14:00.082176
11138,10385,12,test_completed,2025-11-18T11:07:00.082176,2025-11-18T11:07:00.082176
11139,10386,12,test_completed,2025-10-22T15:38:00.082176,2025-10-22T15:38:00.082176
11140,10387,12,test_completed,2025-11-17T17:21:00.082176,2025-11-17T17:21:00.082176
11141,10388,12,test_completed,2025-10-12T14:49:00.082176,2025-10-12T14:49:00.082176
11142,10389,12,test_completed,2025-10-26T08:05:00.082176,2025-10-26T08:05:00.082176
11143,10390,12,test_completed,2025-10-08T15:49:00.082176,2025-10-08T15:49:00.082176
11144,10391,12,test_completed,2025-10-26T16:33:00.082176,2025-10-26T16:33:00.082176
11145,10392,12,test_completed,2025-11-16T09:03:00.082176,2025-11-16T09:03:00.082176
11146,10393,12,test_completed,2025-10-12T16:22:00.082176,2025-10-12T16:22:00.082176
11147,10394,12,test_completed,2025-10-24T08:18:00.082176,2025-10-24T08:18:00.082176
11148,10395,12,test_completed,2025-10-27T16:24:00.082176,2025-10-27T16:24:00.082176
11149,10396,12,eligible,2025-10-12T09:22:00.082176,2025-10-12T09:22:00.082176
11150,10397,12,test_completed,2025-10-21T15:07:00.082176,2025-10-21T15:07:00.082176
11151,10398,12,test_completed,2025-10-08T09:19:00.082176,2025-10-08T09:19:00.082176
11152,10399,12,test_completed,2025-10-26T08:26:00.082176,2025-10-26T08:26:00.082176
11153,10400,12,test_completed,2025-11-21T09:20:00.082176,2025-11-21T09:20:00.082176
11154,10401,12,test_completed,2025-10-07T08:28:00.082176,2025-10-07T08:28:00.082176
11155,10402,12,not_eligible,2025-10-21T10:23:00.082176,2025-10-21T10:23:00.082176
11156,10403,12,test_completed,2025-11-16T15:38:00.082176,2025-11-16T15:38:00.082176
11157,10404,12,test_completed,2025-10-19T12:55:00.082176,2025-10-19T12:55:00.082176
11158,10405,12,test_completed,2025-10-26T12:10:00.082176,2025-10-26T12:10:00.082176
11159,10406,12,test_completed,2025-10-07T18:06:00.082176,2025-10-07T18:06:00.082176
11160,10407,12,test_completed,2025-10-26T10:49:00.082176,2025-10-26T10:49:00.082176
11161,10408,12,not_eligible,2025-11-21T18:55:00.082176,2025-11-21T18:55:00.082176
11162,10409,12,eligible,2025-11-17T15:25:00.082176,2025-11-17T15:25:00.082176
11163,10410,12,eligible,2025-10-21T16:05:00.082176,2025-10-21T16:05:00.082176
11164,10411,12,test_completed,2025-10-09T12:24:00.082176,2025-10-09T12:24:00.082176
11165,10412,12,test_completed,2025-10-09T18:57:00.082176,2025-10-09T18:57:00.082176
11166,10413,12,eligible,2025-10-27T18:13:00.082176,2025-10-27T18:13:00.082176
11167,10414,12,test_completed,2025-10-08T10:14:00.082176,2025-10-08T10:14:00.082176
11168,10415,12,test_completed,2025-10-12T14:22:00.082176,2025-10-12T14:22:00.082176
11169,10416,12,not_eligible,2025-10-07T16:10:00.082176,2025-10-07T16:10:00.082176
11170,10417,12,test_completed,2025-11-22T18:21:00.082176,2025-11-22T18:21:00.082176
11171,10418,12,test_completed,2025-10-16T09:21:00.082176,2025-10-16T09:21:00.082176
11172,10419,13,test_completed,2025-11-17T10:54:00.082181,2025-11-17T10:54:00.082181
11173,10420,13,test_completed,2025-11-23T18:35:00.082181,2025-11-23T18:35:00.082181
11174,10421,13,test_completed,2025-10-21T10:57:00.082181,2025-10-21T10:57:00.082181
11175,10422,13,test_completed,2025-10-11T14:17:00.082181,2025-10-11T14:17:00.082181
11176,10423,13,test_completed,2025-10-12T11:55:00.082181,2025-10-12T11:55:00.082181
11177,10424,13,not_eligible,2025-10-21T10:30:00.082181,2025-10-21T10:30:00.082181
11178,10425,13,test_completed,2025-11-21T18:45:00.082181,2025-11-21T18:45:00.082181
11179,10426,13,test_completed,2025-10-10T11:37:00.082181,2025-10-10T11:37:00.082181
11180,10427,13,test_completed,2025-10-06T17:17:00.082181,2025-10-06T17:17:00.082181
11181,10428,13,test_completed,2025-10-08T14:50:00.082181,2025-10-08T14:50:00.082181
11182,10429,13,test_completed,2025-10-15T13:19:00.082181,2025-10-15T13:19:00.082181
11183,10430,13,test_completed,2025-10-12T09:36:00.082181,2025-10-12T09:36:00.082181
11184,10431,13,test_completed,2025-10-13T17:12:00.082181,2025-10-13T17:12:00.082181
11185,10432,13,eligible,2025-10-09T12:29:00.082181,2025-10-09T12:29:00.082181
11186,10433,13,test_completed,2025-10-10T08:43:00.082181,2025-10-10T08:43:00.082181
11187,10434,13,test_completed,2025-10-15T15:33:00.082181,2025-10-15T15:33:00.082181
11188,10435,13,test_completed,2025-11-19T16:05:00.082181,2025-11-19T16:05:00.082181
11189,10436,13,eligible,2025-10-10T18:02:00.082181,2025-10-10T18:02:00.082181
11190,10437,13,test_completed,2025-10-08T16:26:00.082181,2025-10-08T16:26:00.082181
11191,10438,13,test_completed,2025-10-18T16:21:00.082181,2025-10-18T16:21:00.082181
11192,10439,13,test_completed,2025-10-12T11:34:00.082181,2025-10-12T11:34:00.082181
11193,10440,13,test_completed,2025-10-10T11:17:00.082181,2025-10-10T11:17:00.082181
11194,10441,13,test_completed,2025-10-16T11:44:00.082181,2025-10-16T11:44:00.082181
11195,10442,13,eligible,2025-11-22T15:22:00.082181,2025-11-22T15:22:00.082181
11196,10443,13,test_completed,2025-10-10T08:57:00.082181,2025-10-10T08:57:00.082181
11197,10444,13,eligible,2025-10-22T12:47:00.082181,2025-10-22T12:47:00.082181
11198,10445,13,test_completed,2025-10-11T16:59:00.082181,2025-10-11T16:59:00.082181
11199,10446,13,test_completed,2025-10-24T15:59:00.082181,2025-10-24T15:59:00.082181
11200,10447,13,eligible,2025-10-15T11:59:00.082181,2025-10-15T11:59:00.082181
11201,10448,13,test_completed,2025-10-23T11:52:00.082181,2025-10-23T11:52:00.082181
11202,10449,13,eligible,2025-10-25T16:22:00.082181,2025-10-25T16:22:00.082181
11203,10450,13,test_completed,2025-10-18T12:15:00.082181,2025-10-18T12:15:00.082181
11204,10451,13,test_completed,2025-10-26T09:14:00.082181,2025-10-26T09:14:00.082181
11205,10452,13,test_completed,2025-11-23T11:04:00.082181,2025-11-23T11:04:00.082181
11206,10453,13,test_completed,2025-10-25T15:30:00.082181,2025-10-25T15:30:00.082181
11207,10454,13,test_completed,2025-11-21T17:23:00.082181,2025-11-21T17:23:00.082181
11208,10455,13,test_completed,2025-10-13T18:14:00.082181,2025-10-13T18:14:00.082181
11209,10456,13,test_completed,2025-11-19T18:26:00.082181,2025-11-19T18:26:00.082181
11210,10457,13,eligible,2025-11-16T17:52:00.082181,2025-11-16T17:52:00.082181
11211,10458,13,test_completed,2025-10-10T13:20:00.082181,2025-10-10T13:20:00.082181
11212,10459,13,test_completed,2025-11-16T18:02:00.082181,2025-11-16T18:02:00.082181
11213,10460,13,test_completed,2025-10-18T17:20:00.082181,2025-10-18T17:20:00.082181
11214,10461,13,test_completed,2025-10-19T17:33:00.082181,2025-10-19T17:33:00.082181
11215,10462,13,test_completed,2025-11-17T12:11:00.082181,2025-11-17T12:11:00.082181
11216,10463,13,test_completed,2025-11-16T16:26:00.082181,2025-11-16T16:26:00.082181
11217,10464,13,test_completed,2025-11-21T11:07:00.082181,2025-11-21T11:07:00.082181
11218,10465,13,test_completed,2025-11-20T08:17:00.082181,2025-11-20T08:17:00.082181
11219,10466,13,test_completed,2025-11-16T08:19:00.082181,2025-11-16T08:19:00.082181
11220,10467,13,test_completed,2025-11-21T14:36:00.082181,2025-11-21T14:36:00.082181
11221,10468,13,eligible,2025-10-11T16:31:00.082181,2025-10-11T16:31:00.082181
11222,10469,14,test_completed,2025-10-08T15:51:00.082187,2025-10-08T15:51:00.082187
11223,10470,14,test_completed,2025-10-03T08:47:00.082187,2025-10-03T08:47:00.082187
11224,10471,14,test_completed,2025-11-18T15:41:00.082187,2025-11-18T15:41:00.082187
11225,10472,14,not_eligible,2025-10-01T09:53:00.082187,2025-10-01T09:53:00.082187
11226,10473,14,not_eligible,2025-10-06T10:41:00.082187,2025-10-06T10:41:00.082187
11227,10474,14,eligible,2025-10-10T13:38:00.082187,2025-10-10T13:38:00.082187
11228,10475,14,test_completed,2025-11-18T16:54:00.082187,2025-11-18T16:54:00.082187
11229,10476,14,test_completed,2025-11-22T15:01:00.082187,2025-11-22T15:01:00.082187
11230,10477,14,test_completed,2025-10-17T15:58:00.082187,2025-10-17T15:58:00.082187
11231,10478,14,test_completed,2025-10-03T17:51:00.082187,2025-10-03T17:51:00.082187
11232,10479,14,test_completed,2025-10-02T16:09:00.082187,2025-10-02T16:09:00.082187
11233,10480,14,eligible,2025-11-19T09:37:00.082187,2025-11-19T09:37:00.082187
11234,10481,14,test_completed,2025-11-20T16:09:00.082187,2025-11-20T16:09:00.082187
11235,10482,14,test_completed,2025-10-09T10:10:00.082187,2025-10-09T10:10:00.082187
11236,10483,14,test_completed,2025-10-04T18:16:00.082187,2025-10-04T18:16:00.082187
11237,10484,14,test_completed,2025-11-19T11:50:00.082187,2025-11-19T11:50:00.082187
11238,10485,14,test_completed,2025-10-05T14:13:00.082187,2025-10-05T14:13:00.082187
11239,10486,14,test_completed,2025-11-19T13:38:00.082187,2025-11-19T13:38:00.082187
11240,10487,14,test_completed,2025-11-16T10:04:00.082187,2025-11-16T10:04:00.082187
11241,10488,14,test_completed,2025-10-13T12:06:00.082187,2025-10-13T12:06:00.082187
11242,10489,14,test_completed,2025-10-13T17:05:00.082187,2025-10-13T17:05:00.082187
11243,10490,14,test_completed,2025-11-18T12:06:00.082187,2025-11-18T12:06:00.082187
11244,10491,14,test_completed,2025-10-15T17:55:00.082187,2025-10-15T17:55:00.082187
11245,10492,14,test_completed,2025-10-07T12:38:00.082187,2025-10-07T12:38:00.082187
11246,10493,14,eligible,2025-10-07T14:17:00.082187,2025-10-07T14:17:00.082187
11247,10494,14,test_completed,2025-11-19T14:39:00.082187,2025-11-19T14:39:00.082187
11248,10495,14,test_completed,2025-10-21T16:31:00.082187,2025-10-21T16:31:00.082187
11249,10496,14,test_completed,2025-11-18T10:08:00.082187,2025-11-18T10:08:00.082187
11250,10497,14,test_completed,2025-10-05T11:54:00.082187,2025-10-05T11:54:00.082187
11251,10498,14,test_completed,2025-10-04T18:26:00.082187,2025-10-04T18:26:00.082187
11252,10499,14,test_completed,2025-11-18T18:37:00.082187,2025-11-18T18:37:00.082187
11253,10500,14,test_completed,2025-10-19T09:38:00.082187,2025-10-19T09:38:00.082187
11254,10501,14,test_completed,2025-10-07T14:32:00.082187,2025-10-07T14:32:00.082187
11255,10502,14,test_completed,2025-10-19T10:49:00.082187,2025-10-19T10:49:00.082187
11256,10503,14,test_completed,2025-11-20T13:19:00.082187,2025-11-20T13:19:00.082187
11257,10504,14,not_eligible,2025-11-23T16:12:00.082187,2025-11-23T16:12:00.082187
11258,10505,14,test_completed,2025-10-02T15:08:00.082187,2025-10-02T15:08:00.082187
11259,10506,14,test_completed,2025-10-05T15:19:00.082187,2025-10-05T15:19:00.082187
11260,10507,14,test_completed,2025-11-19T14:15:00.082187,2025-11-19T14:15:00.082187
11261,10508,14,test_completed,2025-10-20T09:59:00.082187,2025-10-20T09:59:00.082187
11262,10509,14,test_completed,2025-10-20T09:31:00.082187,2025-10-20T09:31:00.082187
11263,10510,14,test_completed,2025-11-21T09:10:00.082187,2025-11-21T09:10:00.082187
11264,10511,14,eligible,2025-11-20T13:08:00.082187,2025-11-20T13:08:00.082187
11265,10512,14,eligible,2025-10-02T10:25:00.082187,2025-10-02T10:25:00.082187
11266,10513,14,test_completed,2025-10-02T10:46:00.082187,2025-10-02T10:46:00.082187
11267,10514,14,test_completed,2025-10-06T13:13:00.082187,2025-10-06T13:13:00.082187
11268,10515,14,test_completed,2025-10-07T12:14:00.082187,2025-10-07T12:14:00.082187
11269,10516,14,test_completed,2025-11-21T18:24:00.082187,2025-11-21T18:24:00.082187
11270,10517,14,test_completed,2025-10-05T16:52:00.082187,2025-10-05T16:52:00.082187
11271,10518,14,test_completed,2025-10-14T13:23:00.082187,2025-10-14T13:23:00.082187
11272,10519,15,test_completed,2025-11-19T16:59:00.082192,2025-11-19T16:59:00.082192
11273,10520,15,test_completed,2025-10-28T13:15:00.082192,2025-10-28T13:15:00.082192
11274,10521,15,test_completed,2025-10-10T14:03:00.082192,2025-10-10T14:03:00.082192
11275,10522,15,test_completed,2025-11-20T14:30:00.082192,2025-11-20T14:30:00.082192
11276,10523,15,test_completed,2025-10-21T11:49:00.082192,2025-10-21T11:49:00.082192
11277,10524,15,test_completed,2025-10-16T14:43:00.082192,2025-10-16T14:43:00.082192
11278,10525,15,test_completed,2025-10-19T11:18:00.082192,2025-10-19T11:18:00.082192
11279,10526,15,test_completed,2025-10-12T18:34:00.082192,2025-10-12T18:34:00.082192
11280,10527,15,test_completed,2025-10-29T08:01:00.082192,2025-10-29T08:01:00.082192
11281,10528,15,test_completed,2025-11-16T11:43:00.082192,2025-11-16T11:43:00.082192
11282,10529,15,test_completed,2025-10-16T10:37:00.082192,2025-10-16T10:37:00.082192
11283,10530,15,test_completed,2025-10-15T12:31:00.082192,2025-10-15T12:31:00.082192
11284,10531,15,test_completed,2025-11-22T09:29:00.082192,2025-11-22T09:29:00.082192
11285,10532,15,test_completed,2025-11-17T18:46:00.082192,2025-11-17T18:46:00.082192
11286,10533,15,test_completed,2025-10-26T13:11:00.082192,2025-10-26T13:11:00.082192
11287,10534,15,test_completed,2025-10-15T14:31:00.082192,2025-10-15T14:31:00.082192
11288,10535,15,test_completed,2025-11-18T12:55:00.082192,2025-11-18T12:55:00.082192
11289,10536,15,test_completed,2025-10-15T12:07:00.082192,2025-10-15T12:07:00.082192
11290,10537,15,not_eligible,2025-10-10T12:56:00.082192,2025-10-10T12:56:00.082192
11291,10538,15,test_completed,2025-11-21T16:00:00.082192,2025-11-21T16:00:00.082192
11292,10539,15,test_completed,2025-10-25T16:06:00.082192,2025-10-25T16:06:00.082192
11293,10540,15,test_completed,2025-10-12T12:27:00.082192,2025-10-12T12:27:00.082192
11294,10541,15,not_eligible,2025-10-10T09:16:00.082192,2025-10-10T09:16:00.082192
11295,10542,15,eligible,2025-10-29T18:19:00.082192,2025-10-29T18:19:00.082192
11296,10543,15,eligible,2025-10-15T17:42:00.082192,2025-10-15T17:42:00.082192
11297,10544,15,test_completed,2025-11-21T09:51:00.082192,2025-11-21T09:51:00.082192
11298,10545,15,test_completed,2025-10-21T12:15:00.082192,2025-10-21T12:15:00.082192
11299,10546,15,test_completed,2025-11-18T09:19:00.082192,2025-11-18T09:19:00.082192
11300,10547,15,test_completed,2025-10-27T18:00:00.082192,2025-10-27T18:00:00.082192
11301,10548,15,not_eligible,2025-11-22T10:45:00.082192,2025-11-22T10:45:00.082192
11302,10549,15,test_completed,2025-10-10T16:22:00.082192,2025-10-10T16:22:00.082192
11303,10550,15,test_completed,2025-10-12T12:47:00.082192,2025-10-12T12:47:00.082192
11304,10551,15,eligible,2025-10-21T12:32:00.082192,2025-10-21T12:32:00.082192
11305,10552,15,not_eligible,2025-10-23T10:46:00.082192,2025-10-23T10:46:00.082192
11306,10553,15,test_completed,2025-10-29T14:41:00.082192,2025-10-29T14:41:00.082192
11307,10554,15,test_completed,2025-10-13T13:08:00.082192,2025-10-13T13:08:00.082192
11308,10555,15,test_completed,2025-10-26T17:41:00.082192,2025-10-26T17:41:00.082192
11309,10556,15,test_completed,2025-10-10T08:27:00.082192,2025-10-10T08:27:00.082192
11310,10557,15,eligible,2025-11-18T09:13:00.082192,2025-11-18T09:13:00.082192
11311,10558,15,eligible,2025-10-18T16:10:00.082192,2025-10-18T16:10:00.082192
11312,10559,15,test_completed,2025-11-18T08:07:00.082192,2025-11-18T08:07:00.082192
11313,10560,15,test_completed,2025-10-15T09:34:00.082192,2025-10-15T09:34:00.082192
11314,10561,15,test_completed,2025-10-22T10:09:00.082192,2025-10-22T10:09:00.082192
11315,10562,15,test_completed,2025-10-14T11:58:00.082192,2025-10-14T11:58:00.082192
11316,10563,15,test_completed,2025-10-17T12:54:00.082192,2025-10-17T12:54:00.082192
11317,10564,15,test_completed,2025-11-20T18:29:00.082192,2025-11-20T18:29:00.082192
11318,10565,15,test_completed,2025-11-20T15:36:00.082192,2025-11-20T15:36:00.082192
11319,10566,15,test_completed,2025-11-20T16:49:00.082192,2025-11-20T16:49:00.082192
11320,10567,15,test_completed,2025-10-15T16:51:00.082192,2025-10-15T16:51:00.082192
11321,10568,15,eligible,2025-10-14T12:03:00.082192,2025-10-14T12:03:00.082192
11322,10569,16,test_completed,2025-10-22T14:57:00.082197,2025-10-22T14:57:00.082197
11323,10570,16,eligible,2025-11-04T10:31:00.082197,2025-11-04T10:31:00.082197
11324,10571,16,test_completed,2025-11-17T13:14:00.082197,2025-11-17T13:14:00.082197
11325,10572,16,test_completed,2025-10-22T10:01:00.082197,2025-10-22T10:01:00.082197
11326,10573,16,test_completed,2025-11-22T15:00:00.082197,2025-11-22T15:00:00.082197
11327,10574,16,test_completed,2025-10-17T12:52:00.082197,2025-10-17T12:52:00.082197
11328,10575,16,test_completed,2025-11-20T17:38:00.082197,2025-11-20T17:38:00.082197
11329,10576,16,test_completed,2025-11-20T13:11:00.082197,2025-11-20T13:11:00.082197
11330,10577,16,test_completed,2025-10-28T17:36:00.082197,2025-10-28T17:36:00.082197
11331,10578,16,eligible,2025-10-20T14:21:00.082197,2025-10-20T14:21:00.082197
11332,10579,16,test_completed,2025-11-21T12:48:00.082197,2025-11-21T12:48:00.082197
11333,10580,16,test_completed,2025-10-23T14:28:00.082197,2025-10-23T14:28:00.082197
11334,10581,16,test_completed,2025-11-22T12:08:00.082197,2025-11-22T12:08:00.082197
11335,10582,16,test_completed,2025-11-18T09:34:00.082197,2025-11-18T09:34:00.082197
11336,10583,16,test_completed,2025-11-20T11:36:00.082197,2025-11-20T11:36:00.082197
11337,10584,16,test_completed,2025-11-19T15:59:00.082197,2025-11-19T15:59:00.082197
11338,10585,16,eligible,2025-10-16T15:14:00.082197,2025-10-16T15:14:00.082197
11339,10586,16,test_completed,2025-11-22T10:24:00.082197,2025-11-22T10:24:00.082197
11340,10587,16,test_completed,2025-11-01T13:09:00.082197,2025-11-01T13:09:00.082197
11341,10588,16,test_completed,2025-10-20T11:32:00.082197,2025-10-20T11:32:00.082197
11342,10589,16,test_completed,2025-11-22T16:27:00.082197,2025-11-22T16:27:00.082197
11343,10590,16,test_completed,2025-10-20T16:23:00.082197,2025-10-20T16:23:00.082197
11344,10591,16,test_completed,2025-10-26T12:15:00.082197,2025-10-26T12:15:00.082197
11345,10592,16,test_completed,2025-10-17T14:55:00.082197,2025-10-17T14:55:00.082197
11346,10593,16,test_completed,2025-11-19T12:14:00.082197,2025-11-19T12:14:00.082197
11347,10594,16,test_completed,2025-10-20T13:35:00.082197,2025-10-20T13:35:00.082197
11348,10595,16,not_eligible,2025-10-19T09:38:00.082197,2025-10-19T09:38:00.082197
11349,10596,16,test_completed,2025-11-18T18:34:00.082197,2025-11-18T18:34:00.082197
11350,10597,16,test_completed,2025-10-26T15:45:00.082197,2025-10-26T15:45:00.082197
11351,10598,16,not_eligible,2025-10-30T11:18:00.082197,2025-10-30T11:18:00.082197
11352,10599,16,test_completed,2025-10-28T12:55:00.082197,2025-10-28T12:55:00.082197
11353,10600,16,test_completed,2025-11-22T18:41:00.082197,2025-11-22T18:41:00.082197
11354,10601,16,test_completed,2025-11-19T16:20:00.082197,2025-11-19T16:20:00.082197
11355,10602,16,eligible,2025-10-31T18:33:00.082197,2025-10-31T18:33:00.082197
11356,10603,16,test_completed,2025-10-24T09:12:00.082197,2025-10-24T09:12:00.082197
11357,10604,16,test_completed,2025-10-20T15:54:00.082197,2025-10-20T15:54:00.082197
11358,10605,16,eligible,2025-10-17T12:29:00.082197,2025-10-17T12:29:00.082197
11359,10606,16,test_completed,2025-11-16T10:47:00.082197,2025-11-16T10:47:00.082197
11360,10607,16,test_completed,2025-10-17T13:54:00.082197,2025-10-17T13:54:00.082197
11361,10608,16,test_completed,2025-10-19T14:56:00.082197,2025-10-19T14:56:00.082197
11362,10609,17,test_completed,2025-11-04T09:02:00.082203,2025-11-04T09:02:00.082203
11363,10610,17,test_completed,2025-10-25T16:17:00.082203,2025-10-25T16:17:00.082203
11364,10611,17,test_completed,2025-11-23T12:00:00.082203,2025-11-23T12:00:00.082203
11365,10612,17,test_completed,2025-10-17T13:50:00.082203,2025-10-17T13:50:00.082203
11366,10613,17,test_completed,2025-11-04T18:22:00.082203,2025-11-04T18:22:00.082203
11367,10614,17,test_completed,2025-10-26T13:26:00.082203,2025-10-26T13:26:00.082203
11368,10615,17,test_completed,2025-11-23T10:16:00.082203,2025-11-23T10:16:00.082203
11369,10616,17,test_completed,2025-10-21T15:59:00.082203,2025-10-21T15:59:00.082203
11370,10617,17,test_completed,2025-11-16T11:42:00.082203,2025-11-16T11:42:00.082203
11371,10618,17,test_completed,2025-10-15T16:04:00.082203,2025-10-15T16:04:00.082203
11372,10619,17,test_completed,2025-11-01T11:51:00.082203,2025-11-01T11:51:00.082203
11373,10620,17,test_completed,2025-11-18T09:33:00.082203,2025-11-18T09:33:00.082203
11374,10621,17,not_eligible,2025-10-28T10:30:00.082203,2025-10-28T10:30:00.082203
11375,10622,17,test_completed,2025-10-20T14:54:00.082203,2025-10-20T14:54:00.082203
11376,10623,17,test_completed,2025-10-31T08:08:00.082203,2025-10-31T08:08:00.082203
11377,10624,17,test_completed,2025-11-22T11:53:00.082203,2025-11-22T11:53:00.082203
11378,10625,17,eligible,2025-11-20T11:36:00.082203,2025-11-20T11:36:00.082203
11379,10626,17,test_completed,2025-10-16T11:10:00.082203,2025-10-16T11:10:00.082203
11380,10627,17,test_completed,2025-11-01T11:01:00.082203,2025-11-01T11:01:00.082203
11381,10628,17,test_completed,2025-10-23T08:42:00.082203,2025-10-23T08:42:00.082203
11382,10629,17,eligible,2025-10-27T13:05:00.082203,2025-10-27T13:05:00.082203
11383,10630,17,test_completed,2025-10-31T08:20:00.082203,2025-10-31T08:20:00.082203
11384,10631,17,test_completed,2025-10-15T16:30:00.082203,2025-10-15T16:30:00.082203
11385,10632,17,test_completed,2025-11-21T10:55:00.082203,2025-11-21T10:55:00.082203
11386,10633,17,test_completed,2025-10-30T09:58:00.082203,2025-10-30T09:58:00.082203
11387,10634,17,test_completed,2025-11-01T10:37:00.082203,2025-11-01T10:37:00.082203
11388,10635,17,test_completed,2025-10-28T14:20:00.082203,2025-10-28T14:20:00.082203
11389,10636,17,test_completed,2025-10-27T18:49:00.082203,2025-10-27T18:49:00.082203
11390,10637,17,test_completed,2025-10-22T13:43:00.082203,2025-10-22T13:43:00.082203
11391,10638,17,test_completed,2025-10-29T16:15:00.082203,2025-10-29T16:15:00.082203
11392,10639,17,test_completed,2025-10-21T08:16:00.082203,2025-10-21T08:16:00.082203
11393,10640,17,test_completed,2025-10-21T16:49:00.082203,2025-10-21T16:49:00.082203
11394,10641,17,test_completed,2025-10-28T17:38:00.082203,2025-10-28T17:38:00.082203
11395,10642,17,test_completed,2025-10-22T11:57:00.082203,2025-10-22T11:57:00.082203
11396,10643,17,test_completed,2025-10-22T15:21:00.082203,2025-10-22T15:21:00.082203
11397,10644,17,test_completed,2025-11-02T08:29:00.082203,2025-11-02T08:29:00.082203
11398,10645,17,test_completed,2025-10-19T10:16:00.082203,2025-10-19T10:16:00.082203
11399,10646,17,test_completed,2025-10-21T09:06:00.082203,2025-10-21T09:06:00.082203
11400,10647,17,test_completed,2025-11-22T10:46:00.082203,2025-11-22T10:46:00.082203
11401,10648,17,test_completed,2025-10-24T16:48:00.082203,2025-10-24T16:48:00.082203
11402,10649,17,test_completed,2025-10-21T16:04:00.082203,2025-10-21T16:04:00.082203
11403,10650,17,eligible,2025-10-17T17:31:00.082203,2025-10-17T17:31:00.082203
11404,10651,17,test_completed,2025-10-21T09:21:00.082203,2025-10-21T09:21:00.082203
11405,10652,17,test_completed,2025-11-18T08:40:00.082203,2025-11-18T08:40:00.082203
11406,10653,17,test_completed,2025-10-26T10:06:00.082203,2025-10-26T10:06:00.082203
11407,10654,18,test_completed,2025-10-01T10:12:00.082225,2025-10-01T10:12:00.082225
11408,10655,18,test_completed,2025-11-18T15:37:00.082225,2025-11-18T15:37:00.082225
11409,10656,18,test_completed,2025-10-08T11:22:00.082225,2025-10-08T11:22:00.082225
11410,10657,18,test_completed,2025-11-16T10:26:00.082225,2025-11-16T10:26:00.082225
11411,10658,18,test_completed,2025-11-20T17:52:00.082225,2025-11-20T17:52:00.082225
11412,10659,18,test_completed,2025-10-03T16:14:00.082225,2025-10-03T16:14:00.082225
11413,10660,18,test_completed,2025-10-14T12:58:00.082225,2025-10-14T12:58:00.082225
11414,10661,18,test_completed,2025-11-18T16:59:00.082225,2025-11-18T16:59:00.082225
11415,10662,18,test_completed,2025-10-04T18:32:00.082225,2025-10-04T18:32:00.082225
11416,10663,18,not_eligible,2025-10-17T13:04:00.082225,2025-10-17T13:04:00.082225
11417,10664,18,test_completed,2025-10-11T11:21:00.082225,2025-10-11T11:21:00.082225
11418,10665,18,test_completed,2025-11-19T16:22:00.082225,2025-11-19T16:22:00.082225
11419,10666,18,not_eligible,2025-10-13T10:30:00.082225,2025-10-13T10:30:00.082225
11420,10667,18,test_completed,2025-11-23T17:16:00.082225,2025-11-23T17:16:00.082225
11421,10668,18,test_completed,2025-10-01T16:29:00.082225,2025-10-01T16:29:00.082225
11422,10669,18,eligible,2025-10-03T15:56:00.082225,2025-10-03T15:56:00.082225
11423,10670,18,test_completed,2025-10-17T13:40:00.082225,2025-10-17T13:40:00.082225
11424,10671,18,test_completed,2025-10-06T11:07:00.082225,2025-10-06T11:07:00.082225
11425,10672,18,eligible,2025-10-01T11:06:00.082225,2025-10-01T11:06:00.082225
11426,10673,18,test_completed,2025-11-23T14:45:00.082225,2025-11-23T14:45:00.082225
11427,10674,18,test_completed,2025-10-14T12:12:00.082225,2025-10-14T12:12:00.082225
11428,10675,18,test_completed,2025-10-18T15:05:00.082225,2025-10-18T15:05:00.082225
11429,10676,18,test_completed,2025-11-21T16:52:00.082225,2025-11-21T16:52:00.082225
11430,10677,18,test_completed,2025-10-04T11:36:00.082225,2025-10-04T11:36:00.082225
11431,10678,18,eligible,2025-11-19T12:54:00.082225,2025-11-19T12:54:00.082225
11432,10679,18,test_completed,2025-10-04T11:16:00.082225,2025-10-04T11:16:00.082225
11433,10680,18,test_completed,2025-11-19T08:54:00.082225,2025-11-19T08:54:00.082225
11434,10681,18,eligible,2025-10-03T18:40:00.082225,2025-10-03T18:40:00.082225
11435,10682,18,test_completed,2025-10-05T12:19:00.082225,2025-10-05T12:19:00.082225
11436,10683,18,test_completed,2025-11-22T12:47:00.082225,2025-11-22T12:47:00.082225
11437,10684,18,test_completed,2025-10-15T16:00:00.082225,2025-10-15T16:00:00.082225
11438,10685,18,test_completed,2025-10-05T08:04:00.082225,2025-10-05T08:04:00.082225
11439,10686,18,test_completed,2025-10-17T14:13:00.082225,2025-10-17T14:13:00.082225
11440,10687,18,eligible,2025-10-04T11:38:00.082225,2025-10-04T11:38:00.082225
11441,10688,18,eligible,2025-11-22T18:25:00.082225,2025-11-22T18:25:00.082225
11442,10689,18,eligible,2025-11-19T13:24:00.082225,2025-11-19T13:24:00.082225
11443,10690,18,test_completed,2025-10-14T10:21:00.082225,2025-10-14T10:21:00.082225
11444,10691,18,test_completed,2025-10-01T11:27:00.082225,2025-10-01T11:27:00.082225
11445,10692,18,eligible,2025-10-06T18:52:00.082225,2025-10-06T18:52:00.082225
11446,10693,18,test_completed,2025-11-17T11:22:00.082225,2025-11-17T11:22:00.082225
11447,10694,19,test_completed,2025-10-27T11:09:00.082248,2025-10-27T11:09:00.082248
11448,10695,19,test_completed,2025-11-19T08:21:00.082248,2025-11-19T08:21:00.082248
11449,10696,19,test_completed,2025-11-02T12:34:00.082248,2025-11-02T12:34:00.082248
11450,10697,19,eligible,2025-11-23T13:08:00.082248,2025-11-23T13:08:00.082248
11451,10698,19,eligible,2025-10-26T15:02:00.082248,2025-10-26T15:02:00.082248
11452,10699,19,test_completed,2025-10-23T14:36:00.082248,2025-10-23T14:36:00.082248
11453,10700,19,test_completed,2025-11-01T12:35:00.082248,2025-11-01T12:35:00.082248
11454,10701,19,test_completed,2025-10-28T16:28:00.082248,2025-10-28T16:28:00.082248
11455,10702,19,test_completed,2025-10-23T18:23:00.082248,2025-10-23T18:23:00.082248
11456,10703,19,test_completed,2025-11-09T08:45:00.082248,2025-11-09T08:45:00.082248
11457,10704,19,test_completed,2025-11-07T17:24:00.082248,2025-11-07T17:24:00.082248
11458,10705,19,test_completed,2025-10-24T13:42:00.082248,2025-10-24T13:42:00.082248
11459,10706,19,test_completed,2025-10-23T18:21:00.082248,2025-10-23T18:21:00.082248
11460,10707,19,test_completed,2025-11-18T17:06:00.082248,2025-11-18T17:06:00.082248
11461,10708,19,test_completed,2025-11-01T10:04:00.082248,2025-11-01T10:04:00.082248
11462,10709,19,test_completed,2025-11-22T17:19:00.082248,2025-11-22T17:19:00.082248
11463,10710,19,test_completed,2025-11-18T08:48:00.082248,2025-11-18T08:48:00.082248
11464,10711,19,test_completed,2025-10-22T08:06:00.082248,2025-10-22T08:06:00.082248
11465,10712,19,test_completed,2025-10-24T11:19:00.082248,2025-10-24T11:19:00.082248
11466,10713,19,test_completed,2025-11-02T16:23:00.082248,2025-11-02T16:23:00.082248
11467,10714,19,not_eligible,2025-11-11T12:49:00.082248,2025-11-11T12:49:00.082248
11468,10715,19,test_completed,2025-10-22T14:06:00.082248,2025-10-22T14:06:00.082248
11469,10716,19,test_completed,2025-11-19T15:16:00.082248,2025-11-19T15:16:00.082248
11470,10717,19,test_completed,2025-11-18T10:50:00.082248,2025-11-18T10:50:00.082248
11471,10718,19,test_completed,2025-10-22T15:17:00.082248,2025-10-22T15:17:00.082248
11472,10719,19,eligible,2025-11-03T14:31:00.082248,2025-11-03T14:31:00.082248
11473,10720,19,test_completed,2025-11-18T12:24:00.082248,2025-11-18T12:24:00.082248
11474,10721,19,test_completed,2025-11-17T17:44:00.082248,2025-11-17T17:44:00.082248
11475,10722,19,test_completed,2025-11-19T14:02:00.082248,2025-11-19T14:02:00.082248
11476,10723,19,not_eligible,2025-10-23T13:55:00.082248,2025-10-23T13:55:00.082248
11477,10724,19,test_completed,2025-11-08T17:14:00.082248,2025-11-08T17:14:00.082248
11478,10725,19,eligible,2025-10-23T15:11:00.082248,2025-10-23T15:11:00.082248
11479,10726,19,test_completed,2025-10-27T18:27:00.082248,2025-10-27T18:27:00.082248
11480,10727,19,test_completed,2025-11-20T09:32:00.082248,2025-11-20T09:32:00.082248
11481,10728,19,test_completed,2025-11-01T12:36:00.082248,2025-11-01T12:36:00.082248
11482,10729,20,eligible,2025-10-06T16:42:00.082257,2025-10-06T16:42:00.082257
11483,10730,20,test_completed,2025-10-03T16:14:00.082257,2025-10-03T16:14:00.082257
11484,10731,20,test_completed,2025-10-11T14:49:00.082257,2025-10-11T14:49:00.082257
11485,10732,20,test_completed,2025-10-16T15:12:00.082257,2025-10-16T15:12:00.082257
11486,10733,20,test_completed,2025-11-23T12:47:00.082257,2025-11-23T12:47:00.082257
11487,10734,20,test_completed,2025-10-03T13:37:00.082257,2025-10-03T13:37:00.082257
11488,10735,20,test_completed,2025-10-04T14:34:00.082257,2025-10-04T14:34:00.082257
11489,10736,20,test_completed,2025-10-03T09:05:00.082257,2025-10-03T09:05:00.082257
11490,10737,20,test_completed,2025-09-27T14:28:00.082257,2025-09-27T14:28:00.082257
11491,10738,20,test_completed,2025-10-14T11:08:00.082257,2025-10-14T11:08:00.082257
11492,10739,20,test_completed,2025-11-17T10:48:00.082257,2025-11-17T10:48:00.082257
11493,10740,20,test_completed,2025-11-18T18:06:00.082257,2025-11-18T18:06:00.082257
11494,10741,20,test_completed,2025-09-30T18:13:00.082257,2025-09-30T18:13:00.082257
11495,10742,20,test_completed,2025-11-22T11:03:00.082257,2025-11-22T11:03:00.082257
11496,10743,20,test_completed,2025-11-18T14:13:00.082257,2025-11-18T14:13:00.082257
11497,10744,20,test_completed,2025-09-30T08:12:00.082257,2025-09-30T08:12:00.082257
11498,10745,20,test_completed,2025-10-09T13:01:00.082257,2025-10-09T13:01:00.082257
11499,10746,20,test_completed,2025-11-20T16:52:00.082257,2025-11-20T16:52:00.082257
11500,10747,20,eligible,2025-11-16T12:28:00.082257,2025-11-16T12:28:00.082257
11501,10748,20,test_completed,2025-10-08T18:45:00.082257,2025-10-08T18:45:00.082257
11502,10749,20,test_completed,2025-10-02T09:58:00.082257,2025-10-02T09:58:00.082257
11503,10750,20,test_completed,2025-10-17T13:43:00.082257,2025-10-17T13:43:00.082257
11504,10751,20,test_completed,2025-09-30T12:56:00.082257,2025-09-30T12:56:00.082257
11505,10752,20,test_completed,2025-10-02T18:45:00.082257,2025-10-02T18:45:00.082257
11506,10753,20,test_completed,2025-10-03T09:33:00.082257,2025-10-03T09:33:00.082257
11507,10754,20,eligible,2025-11-21T12:41:00.082257,2025-11-21T12:41:00.082257
11508,10755,20,test_completed,2025-11-20T08:40:00.082257,2025-11-20T08:40:00.082257
11509,10756,20,test_completed,2025-09-27T17:41:00.082257,2025-09-27T17:41:00.082257
11510,10757,20,test_completed,2025-09-27T13:43:00.082257,2025-09-27T13:43:00.082257
11511,10758,20,test_completed,2025-10-07T13:12:00.082257,2025-10-07T13:12:00.082257
11512,10759,20,test_completed,2025-11-18T18:57:00.082257,2025-11-18T18:57:00.082257
11513,10760,20,test_completed,2025-10-02T15:40:00.082257,2025-10-02T15:40:00.082257
11514,10761,20,eligible,2025-10-03T15:32:00.082257,2025-10-03T15:32:00.082257
11515,10762,20,test_completed,2025-11-22T18:08:00.082257,2025-11-22T18:08:00.082257
11516,10763,20,not_eligible,2025-10-04T16:02:00.082257,2025-10-04T16:02:00.082257
11517,10764,1,test_completed,2025-11-24 05:52:44,2025-11-24 05:53:58
11518,10765,1,eligible,2025-11-24 05:57:27,2025-11-24 05:57:27
11519,10766,1,test_completed,2025-11-24 14:38:38,2025-11-24 14:40:29
11520,10767,2,eligible,2025-11-24 17:49:09,2025-11-24 17:49:09
11521,10768,1,test_completed,2025-11-24 23:54:45,2025-11-24 23:55:45
11522,10769,1,test_completed,2025-11-25 00:00:58,2025-11-25 00:01:31
